Популярные запросы,Kлики,Показы,CTR,Позиция
piercing grodzisk mazowiecki,3,135,2.22%,4.65
pedicure grodzisk mazowiecki,2,54,3.7%,4.07
przekłuwanie uszu grodzisk mazowiecki,1,41,2.44%,5.02
place of beauty,1,31,3.23%,5.87
solarium grodzisk mazowiecki,0,122,0%,5.11
depilacja laserowa grodzisk mazowiecki,0,74,0%,12.09
peeling kawitacyjny grodzisk mazowiecki,0,39,0%,19.79
epilacja grodzisk mazowiecki,0,32,0%,16.28
epilacja laserowa ostrów mazowiecka,0,29,0%,40.55
depilacja laserowa plewiska,0,29,0%,47.14
lifting nićmi grodzisk mazowiecki,0,28,0%,42.29
manicure grodzisk mazowiecki,0,26,0%,7.19
salon kosmetyczny grodzisk mazowiecki,0,26,0%,23.23
paznokcie grodzisk mazowiecki,0,23,0%,9.04
oczyszczanie wodorowe grodzisk mazowiecki,0,21,0%,20.14
queen nails grodzisk,0,19,0%,4.95
paznokcie grodzisk mazowiecki deptak,0,17,0%,4.59
hybryda grodzisk mazowiecki,0,17,0%,5.47
bezoperacyjna korekta brwi grodzisk mazowiecki,0,16,0%,13.56
oczyszczanie twarzy zabiegi grodzisk mazowiecki,0,16,0%,14.94
konturowanie twarzy grodzisk mazowiecki,0,16,0%,19.38
modelowanie ust grodzisk mazowiecki,0,16,0%,25.25
zelowe beauty grodzisk mazowiecki,0,15,0%,7.87
wyszczuplenie nosa grodzisk mazowiecki,0,15,0%,22.33
depilacja laserowa bikini płytkie,0,15,0%,44.73
depilacja laserowa cena,0,15,0%,69.73
manicure hybrydowy grodzisk mazowiecki,0,13,0%,4.69
depilacja laserowa pach warszawa,0,11,0%,75.18
2k nails grodzisk mazowiecki,0,10,0%,3.8
regulacja brwi grodzisk mazowiecki,0,9,0%,7.56
henna rzęs otwock,0,9,0%,21.44
fotoodmładzanie grodzisk mazowiecki,0,9,0%,22.33
modelowanie twarzy kwasem hialuronowym grodzisk mazowiecki,0,8,0%,36.12
pedicure,0,7,0%,10.43
mikrodermabrazja wodna grodzisk mazowiecki,0,7,0%,19.43
gabinet kosmetyczny grodzisk mazowiecki,0,7,0%,21.86
kosmetyka grodzisk mazowiecki,0,6,0%,19.17
grodzisk mazowiecki salon kosmetyczny,0,6,0%,21
mezoterapia skóry twarzy grodzisk mazowiecki,0,6,0%,38.17
solarium grodzisk,0,5,0%,6.2
manicure,0,5,0%,10.4
laserowa depilacja grodzisk mazowiecki,0,5,0%,14.4
salon urody grodzisk mazowiecki,0,5,0%,21.4
modelowanie nosa grodzisk mazowiecki,0,5,0%,23.6
laserowa przebudowa skóry grodzisk mazowiecki,0,5,0%,31.6
wolumetria twarzy grodzisk mazowiecki,0,5,0%,34.4
ile kosztuje depilacja laserowa pach,0,5,0%,43.8
epilacja laserowa cennik,0,5,0%,71
depilacja permanentna cena,0,5,0%,72.8
salon piękności grodzisk mazowiecki,0,4,0%,4.75
queen nails grodzisk mazowiecki,0,4,0%,6
hello beauty grodzisk mazowiecki opinie,0,4,0%,10.25
beauty,0,4,0%,10.75
modelowanie twarzy grodzisk mazowiecki,0,4,0%,23.75
depilacja grodzisk mazowiecki,0,4,0%,40.5
depilacja laserowa cennik,0,4,0%,57
depilacja laserowa nóg cena,0,4,0%,64.25
depilacja laserowa nóg,0,4,0%,66.5
cennik depilacja laserowa,0,4,0%,72.5
depilacja laserowa - grodzisk mazowiecki,0,3,0%,6.67
salon beauty,0,3,0%,8.33
pediciure,0,3,0%,10.33
brwi grodzisk mazowiecki,0,3,0%,10.67
depilacja wąsika u kosmetyczki cena,0,3,0%,49.33
laserowa depilacja nóg cena,0,3,0%,61.33
przekłucie uszu,0,2,0%,1
paznokcie grodzisk mazowiecki chinczyk,0,2,0%,1.5
kosmetyczka,0,2,0%,2
salon,0,2,0%,2
usuwanie owłosienia,0,2,0%,4.5
piercing,0,2,0%,6
nail salon near me,0,2,0%,8
salon kosmetyczny,0,2,0%,11
kosmetyczka grodzisk mazowiecki,0,2,0%,12.5
przystanek piękna grodzisk mazowiecki,0,2,0%,14
laser grodzisk mazowiecki,0,2,0%,32.5
beauty place,0,2,0%,33
salon pedicure,0,2,0%,34.5
ile kosztuje laserowa depilacja pach,0,2,0%,35
przekłuwanie uszu mińsk mazowiecki,0,2,0%,42.5
chirurgiczne modelowanie ust grodzisk mazowiecki,0,2,0%,43
epilacja laserowa pach,0,2,0%,46.5
depilacja laserowa pachy,0,2,0%,48
laserowe golenie nóg,0,2,0%,56
ile kosztuje depilacja laserowa nóg,0,2,0%,57.5
depilacja laserowa pach kraków,0,2,0%,60.5
depilacja laserowa wąsika warszawa,0,2,0%,61
be beauty,0,1,0%,1
paznokcie grodzisk,0,1,0%,1
piercing brwi,0,1,0%,1
przekłuwanie uszu,0,1,0%,1
beuty salon,0,1,0%,2
paznokcie hybrydowe,0,1,0%,2
what about face,0,1,0%,2
a w grodzisku,0,1,0%,3
pircing place,0,1,0%,3
beauty and spa,0,1,0%,5
beautyf,0,1,0%,5
hybryda,0,1,0%,6
kosmetyczni,0,1,0%,6
paznkcie,0,1,0%,7
pirserka,0,1,0%,9
walk in piercing near me,0,1,0%,9
kosmetyczka apteczka,0,1,0%,10
beuty,0,1,0%,11
salon paznokci grodzisk mazowiecki,0,1,0%,11
gabinet manicure,0,1,0%,12
zakład kosmetyczny,0,1,0%,12
depilacja laserowa,0,1,0%,13
eyebrow piercing,0,1,0%,13
fresh manicure,0,1,0%,13
oczyszczanie twarzy grodzisk mazowiecki,0,1,0%,13
paznokcie near me,0,1,0%,13
pediküre in der nähe,0,1,0%,13
rzęsy grodzisk mazowiecki,0,1,0%,14
pedicure beauty salon,0,1,0%,17
przedłużanie rzęs grodzisk mazowiecki,0,1,0%,17
beauty places,0,1,0%,18
skincare place,0,1,0%,19
depilacja woskiem grodzisk mazowiecki,0,1,0%,20
laser diodowy grodzisk mazowiecki,0,1,0%,20
place of beauty konstancin,0,1,0%,20
nearest beauty salon,0,1,0%,21
nearest pedicure to me,0,1,0%,22
przekłuwanie uszu pułtusk,0,1,0%,22
przekłuwanie uszu nowy dwór mazowiecki,0,1,0%,27
przekłuwanie uszu rawa mazowiecka,0,1,0%,27
makijaż permanentny grodzisk mazowiecki,0,1,0%,33
przekłuwanie uszu ostrów mazowiecka,0,1,0%,33
pedicure centrum,0,1,0%,34
depilacja pach laserem cena,0,1,0%,39
przekłuwanie uszu podkowa leśna,0,1,0%,44
depilacja laserowa calych nog,0,1,0%,46
depilacja pach,0,1,0%,46
[kosmetyczka pedicure],0,1,0%,50
laser nogi,0,1,0%,51
bikini plytkie laser,0,1,0%,56
depilacja laserowa ceny,0,1,0%,57
depilacja laserowa nog cena,0,1,0%,64
koszt depilacji laserowej nóg,0,1,0%,64
depilacja laserowa okolic bikini cena,0,1,0%,66
depilacja laserowa pachy cena,0,1,0%,71