Campaign,Ad Group,Keyword,Criterion Type,Status
PL | Search | Depilacja laserowa | Grodzisk,Depilacja laserowa - ogolne,depilacja laserowa grodzisk mazowiecki,Exact,Enabled
PL | Search | Depilacja laserowa | Grodzisk,Depilacja laserowa - ogolne,depilacja laserowa grodzisk mazowiecki,Phrase,Enabled
PL | Search | Depilacja laserowa | Grodzisk,Depilacja laserowa - ogolne,depilacja laserowa grodzisk,Phrase,Enabled
PL | Search | Depilacja laserowa | Grodzisk,Depilacja laserowa - ogolne,epilacja laserowa grodzisk,Phrase,Enabled
PL | Search | Depilacja laserowa | Grodzisk,Depilacja laserowa - ogolne,depilacja laserowa,Phrase,Enabled
PL | Search | Depilacja laserowa | Grodzisk,Depilacja laserowa - ogolne,depilacja laserowa cena,Phrase,Enabled
PL | Search | Depilacja laserowa | Grodzisk,Depilacja laserowa - ogolne,depilacja laserowa bikini,Phrase,Enabled
PL | Search | Depilacja laserowa | Grodzisk,Depilacja laserowa - ogolne,depilacja laserowa nog,Phrase,Enabled
PL | Search | Depilacja laserowa | Grodzisk,Depilacja laserowa - ogolne,depilacja laserowa pach,Phrase,Enabled
PL | Search | Depilacja laserowa | Grodzisk,Depilacja laserowa - ogolne,depilacja laserowa wasik,Phrase,Enabled
PL | Search | Depilacja laserowa | Grodzisk,Depilacja laserowa - ogolne,trwale usuwanie owlosienia,Phrase,Enabled
PL | Search | Depilacja laserowa | Grodzisk,Depilacja laserowa - ogolne,usuwanie owlosienia laserem,Phrase,Enabled
PL | Search | Depilacja laserowa | Grodzisk,Depilacja laserowa - ogolne,depilacja laserowa blisko mnie,Phrase,Enabled
PL | Search | Depilacja laserowa | Grodzisk,Depilacja laserowa - ogolne,depilacja laserowa primelase,Phrase,Enabled
PL | Search | Depilacja laserowa | Grodzisk,Depilacja laserowa - ogolne,primelase grodzisk,Phrase,Enabled
PL | Search | Depilacja laserowa | Grodzisk,Depilacja laserowa - ogolne,depilacja laserowa opinie,Phrase,Enabled
PL | Search | Depilacja laserowa | Grodzisk,Depilacja laserowa - ogolne,depilacja laserowa ile zabiegow,Phrase,Enabled
PL | Search | Depilacja laserowa | Grodzisk,Depilacja laserowa - ogolne,depilacja laserowa milanowek,Phrase,Enabled
PL | Search | Depilacja laserowa | Grodzisk,Depilacja laserowa - ogolne,depilacja laserowa brwinow,Phrase,Enabled
PL | Search | Depilacja laserowa | Grodzisk,Depilacja laserowa - ogolne,depilacja laserowa pruszkow,Phrase,Enabled
PL | Search | Depilacja laserowa | Grodzisk,Depilacja laserowa - ogolne,depilacja laserowa zyrardow,Phrase,Enabled
PL | Search | Depilacja laserowa | Grodzisk,Depilacja laserowa - ogolne,laser na wlosy trwale,Phrase,Enabled
