Campaign,Keyword,Criterion Type
PL | Search | Depilacja laserowa | Grodzisk,praca,Campaign Negative Broad
PL | Search | Depilacja laserowa | Grodzisk,kurs,Campaign Negative Broad
PL | Search | Depilacja laserowa | Grodzisk,szkolenie,Campaign Negative Broad
PL | Search | Depilacja laserowa | Grodzisk,certyfikat,Campaign Negative Broad
PL | Search | Depilacja laserowa | Grodzisk,urzadzenie,Campaign Negative Broad
PL | Search | Depilacja laserowa | Grodzisk,maszyna,Campaign Negative Broad
PL | Search | Depilacja laserowa | Grodzisk,sprzedam,Campaign Negative Broad
PL | Search | Depilacja laserowa | Grodzisk,wynajem,Campaign Negative Broad
PL | Search | Depilacja laserowa | Grodzisk,wypozyczalnia,Campaign Negative Broad
PL | Search | Depilacja laserowa | Grodzisk,allegro,Campaign Negative Broad
PL | Search | Depilacja laserowa | Grodzisk,olx,Campaign Negative Broad
PL | Search | Depilacja laserowa | Grodzisk,domowy,Campaign Negative Broad
PL | Search | Depilacja laserowa | Grodzisk,w domu,Campaign Negative Broad
PL | Search | Depilacja laserowa | Grodzisk,depilator,Campaign Negative Broad
PL | Search | Depilacja laserowa | Grodzisk,ipl domowy,Campaign Negative Broad
PL | Search | Depilacja laserowa | Grodzisk,za darmo,Campaign Negative Broad
PL | Search | Depilacja laserowa | Grodzisk,gratis,Campaign Negative Broad
PL | Search | Depilacja laserowa | Grodzisk,forum,Campaign Negative Broad
PL | Search | Depilacja laserowa | Grodzisk,jak zrobic,Campaign Negative Broad
PL | Search | Depilacja laserowa | Grodzisk,wideo,Campaign Negative Broad
PL | Search | Depilacja laserowa | Grodzisk,warszawa,Campaign Negative Broad
PL | Search | Depilacja laserowa | Grodzisk,krakow,Campaign Negative Broad
PL | Search | Depilacja laserowa | Grodzisk,wroclaw,Campaign Negative Broad
PL | Search | Depilacja laserowa | Grodzisk,poznan,Campaign Negative Broad
PL | Search | Depilacja laserowa | Grodzisk,gdansk,Campaign Negative Broad
PL | Search | Depilacja laserowa | Grodzisk,lodz,Campaign Negative Broad
PL | Search | Depilacja laserowa | Grodzisk,katowice,Campaign Negative Broad
PL | Search | Depilacja laserowa | Grodzisk,lublin,Campaign Negative Broad
PL | Search | Depilacja laserowa | Grodzisk,szczecin,Campaign Negative Broad
PL | Search | Depilacja laserowa | Grodzisk,bialystok,Campaign Negative Broad
