Популярные страницы,Kлики,Показы,CTR,Позиция
https://placeof.beauty/,80,6942,1.15%,7.86
https://placeof.beauty/uslugi/piercing,21,1118,1.88%,10.88
https://placeof.beauty/uslugi/pedicure,7,617,1.13%,11.6
https://placeof.beauty/uslugi/kosmetyka,7,506,1.38%,11.92
https://placeof.beauty/uslugi,6,385,1.56%,28.24
https://placeof.beauty/uslugi/manicure,4,590,0.68%,12.08
https://placeof.beauty/opinie,4,237,1.69%,9.48
https://placeof.beauty/o-nas,2,105,1.9%,11.79
https://placeof.beauty/uslugi/depilacja-laserowa,1,538,0.19%,28.98
https://placeof.beauty/uslugi/zabiegi-na-twarz,1,528,0.19%,20.99
https://placeof.beauty/kontakt,0,375,0%,28.43
https://placeof.beauty/uslugi/stylizacja-paznokci,0,230,0%,12.56
https://placeof.beauty/galeria,0,81,0%,33.15
https://placeof.beauty/uslugi/modelowanie-ciala,0,15,0%,8.33
https://placeof.beauty/uslugi/depilacja-laserowa/cennik,0,5,0%,24
https://placeof.beauty/uslugi/depilacja-laserowa/nogi,0,1,0%,9
https://placeof.beauty/uslugi/depilacja-laserowa/pachy,0,1,0%,73